{"visualStages": [{"visualSprites": [{"prefab": "Block", "showName": true, "x": 100, "y": 0, "color": {"r": 0.86, "g": 0.86, "b": 0.86, "a": 1.0}, "width": 80, "height": 40, "name": "b", "minX": 0.343, "maxX": 0.571, "minY": 0.0, "maxY": 0.071}, {"prefab": "Block", "showName": true, "x": 200, "y": 0, "color": {"r": 0.8, "g": 0.52, "b": 0.25, "a": 1.0}, "width": 80, "height": 40, "name": "d", "minX": 0.629, "maxX": 0.857, "minY": 0.0, "maxY": 0.071}, {"prefab": "Block", "showName": true, "x": 100, "y": 42, "color": {"r": 0.0, "g": 0.77, "b": 0.8, "a": 1.0}, "width": 80, "height": 40, "name": "c", "minX": 0.343, "maxX": 0.571, "minY": 0.075, "maxY": 0.146}, {"prefab": "Block", "showName": true, "x": 0, "y": 0, "color": {"r": 0.8, "g": 0.4, "b": 0.11, "a": 1.0}, "width": 80, "height": 40, "name": "a", "minX": 0.057, "maxX": 0.286, "minY": 0.0, "maxY": 0.071}, {"prefab": "Claw", "color": {"r": 0, "g": 0, "b": 0, "a": 1}, "showName": false, "x": 230, "y": 500, "width": 80, "height": 40, "name": "Claw", "minX": 0.714, "maxX": 0.943, "minY": 0.893, "maxY": 0.964}, {"prefab": "Board", "color": {"r": 0, "g": 0, "b": 0, "a": 1}, "showName": false, "x": 0, "y": 0, "width": "panel_width", "height": 5, "name": "Board", "minX": 0.057, "maxX": 0.943, "minY": 0.0, "maxY": 0.009}]}, {"visualSprites": [{"prefab": "Block", "showName": true, "x": 100, "y": 0, "color": {"r": 0.86, "g": 0.86, "b": 0.86, "a": 1.0}, "width": 80, "height": 40, "name": "b", "minX": 0.343, "maxX": 0.571, "minY": 0.0, "maxY": 0.071}, {"prefab": "Block", "showName": true, "x": 200, "y": 0, "color": {"r": 0.8, "g": 0.52, "b": 0.25, "a": 1.0}, "width": 80, "height": 40, "name": "d", "minX": 0.629, "maxX": 0.857, "minY": 0.0, "maxY": 0.071}, {"prefab": "Block", "showName": true, "x": 230, "y": 480, "color": {"r": 0.0, "g": 0.77, "b": 0.8, "a": 1.0}, "width": 80, "height": 40, "name": "c", "minX": 0.714, "maxX": 0.943, "minY": 0.857, "maxY": 0.929}, {"prefab": "Block", "showName": true, "x": 0, "y": 0, "color": {"r": 0.8, "g": 0.4, "b": 0.11, "a": 1.0}, "width": 80, "height": 40, "name": "a", "minX": 0.057, "maxX": 0.286, "minY": 0.0, "maxY": 0.071}, {"prefab": "Claw", "color": {"r": 0, "g": 0, "b": 0, "a": 1}, "showName": false, "x": 230, "y": 500, "width": 80, "height": 40, "name": "Claw", "minX": 0.714, "maxX": 0.943, "minY": 0.893, "maxY": 0.964}, {"prefab": "Board", "color": {"r": 0, "g": 0, "b": 0, "a": 1}, "showName": false, "x": 0, "y": 0, "width": "panel_width", "height": 5, "name": "Board", "minX": 0.057, "maxX": 0.943, "minY": 0.0, "maxY": 0.009}]}, {"visualSprites": [{"prefab": "Block", "showName": true, "x": 100, "y": 0, "color": {"r": 0.86, "g": 0.86, "b": 0.86, "a": 1.0}, "width": 80, "height": 40, "name": "b", "minX": 0.343, "maxX": 0.571, "minY": 0.0, "maxY": 0.071}, {"prefab": "Block", "showName": true, "x": 200, "y": 0, "color": {"r": 0.8, "g": 0.52, "b": 0.25, "a": 1.0}, "width": 80, "height": 40, "name": "d", "minX": 0.629, "maxX": 0.857, "minY": 0.0, "maxY": 0.071}, {"prefab": "Block", "showName": true, "x": 200, "y": 42, "color": {"r": 0.0, "g": 0.77, "b": 0.8, "a": 1.0}, "width": 80, "height": 40, "name": "c", "minX": 0.629, "maxX": 0.857, "minY": 0.075, "maxY": 0.146}, {"prefab": "Block", "showName": true, "x": 0, "y": 0, "color": {"r": 0.8, "g": 0.4, "b": 0.11, "a": 1.0}, "width": 80, "height": 40, "name": "a", "minX": 0.057, "maxX": 0.286, "minY": 0.0, "maxY": 0.071}, {"prefab": "Claw", "color": {"r": 0, "g": 0, "b": 0, "a": 1}, "showName": false, "x": 230, "y": 500, "width": 80, "height": 40, "name": "Claw", "minX": 0.714, "maxX": 0.943, "minY": 0.893, "maxY": 0.964}, {"prefab": "Board", "color": {"r": 0, "g": 0, "b": 0, "a": 1}, "showName": false, "x": 0, "y": 0, "width": "panel_width", "height": 5, "name": "Board", "minX": 0.057, "maxX": 0.943, "minY": 0.0, "maxY": 0.009}]}, {"visualSprites": [{"prefab": "Block", "showName": true, "x": 230, "y": 480, "color": {"r": 0.86, "g": 0.86, "b": 0.86, "a": 1.0}, "width": 80, "height": 40, "name": "b", "minX": 0.714, "maxX": 0.943, "minY": 0.857, "maxY": 0.929}, {"prefab": "Block", "showName": true, "x": 200, "y": 0, "color": {"r": 0.8, "g": 0.52, "b": 0.25, "a": 1.0}, "width": 80, "height": 40, "name": "d", "minX": 0.629, "maxX": 0.857, "minY": 0.0, "maxY": 0.071}, {"prefab": "Block", "showName": true, "x": 200, "y": 42, "color": {"r": 0.0, "g": 0.77, "b": 0.8, "a": 1.0}, "width": 80, "height": 40, "name": "c", "minX": 0.629, "maxX": 0.857, "minY": 0.075, "maxY": 0.146}, {"prefab": "Block", "showName": true, "x": 0, "y": 0, "color": {"r": 0.8, "g": 0.4, "b": 0.11, "a": 1.0}, "width": 80, "height": 40, "name": "a", "minX": 0.057, "maxX": 0.286, "minY": 0.0, "maxY": 0.071}, {"prefab": "Claw", "color": {"r": 0, "g": 0, "b": 0, "a": 1}, "showName": false, "x": 230, "y": 500, "width": 80, "height": 40, "name": "Claw", "minX": 0.714, "maxX": 0.943, "minY": 0.893, "maxY": 0.964}, {"prefab": "Board", "color": {"r": 0, "g": 0, "b": 0, "a": 1}, "showName": false, "x": 0, "y": 0, "width": "panel_width", "height": 5, "name": "Board", "minX": 0.057, "maxX": 0.943, "minY": 0.0, "maxY": 0.009}]}, {"visualSprites": [{"prefab": "Block", "showName": true, "x": 200, "y": 84, "color": {"r": 0.86, "g": 0.86, "b": 0.86, "a": 1.0}, "width": 80, "height": 40, "name": "b", "minX": 0.629, "maxX": 0.857, "minY": 0.15, "maxY": 0.221}, {"prefab": "Block", "showName": true, "x": 200, "y": 0, "color": {"r": 0.8, "g": 0.52, "b": 0.25, "a": 1.0}, "width": 80, "height": 40, "name": "d", "minX": 0.629, "maxX": 0.857, "minY": 0.0, "maxY": 0.071}, {"prefab": "Block", "showName": true, "x": 200, "y": 42, "color": {"r": 0.0, "g": 0.77, "b": 0.8, "a": 1.0}, "width": 80, "height": 40, "name": "c", "minX": 0.629, "maxX": 0.857, "minY": 0.075, "maxY": 0.146}, {"prefab": "Block", "showName": true, "x": 0, "y": 0, "color": {"r": 0.8, "g": 0.4, "b": 0.11, "a": 1.0}, "width": 80, "height": 40, "name": "a", "minX": 0.057, "maxX": 0.286, "minY": 0.0, "maxY": 0.071}, {"prefab": "Claw", "color": {"r": 0, "g": 0, "b": 0, "a": 1}, "showName": false, "x": 230, "y": 500, "width": 80, "height": 40, "name": "Claw", "minX": 0.714, "maxX": 0.943, "minY": 0.893, "maxY": 0.964}, {"prefab": "Board", "color": {"r": 0, "g": 0, "b": 0, "a": 1}, "showName": false, "x": 0, "y": 0, "width": "panel_width", "height": 5, "name": "Board", "minX": 0.057, "maxX": 0.943, "minY": 0.0, "maxY": 0.009}]}, {"visualSprites": [{"prefab": "Block", "showName": true, "x": 200, "y": 84, "color": {"r": 0.86, "g": 0.86, "b": 0.86, "a": 1.0}, "width": 80, "height": 40, "name": "b", "minX": 0.629, "maxX": 0.857, "minY": 0.15, "maxY": 0.221}, {"prefab": "Block", "showName": true, "x": 200, "y": 0, "color": {"r": 0.8, "g": 0.52, "b": 0.25, "a": 1.0}, "width": 80, "height": 40, "name": "d", "minX": 0.629, "maxX": 0.857, "minY": 0.0, "maxY": 0.071}, {"prefab": "Block", "showName": true, "x": 200, "y": 42, "color": {"r": 0.0, "g": 0.77, "b": 0.8, "a": 1.0}, "width": 80, "height": 40, "name": "c", "minX": 0.629, "maxX": 0.857, "minY": 0.075, "maxY": 0.146}, {"prefab": "Block", "showName": true, "x": 230, "y": 480, "color": {"r": 0.8, "g": 0.4, "b": 0.11, "a": 1.0}, "width": 80, "height": 40, "name": "a", "minX": 0.714, "maxX": 0.943, "minY": 0.857, "maxY": 0.929}, {"prefab": "Claw", "color": {"r": 0, "g": 0, "b": 0, "a": 1}, "showName": false, "x": 230, "y": 500, "width": 80, "height": 40, "name": "Claw", "minX": 0.714, "maxX": 0.943, "minY": 0.893, "maxY": 0.964}, {"prefab": "Board", "color": {"r": 0, "g": 0, "b": 0, "a": 1}, "showName": false, "x": 0, "y": 0, "width": "panel_width", "height": 5, "name": "Board", "minX": 0.057, "maxX": 0.943, "minY": 0.0, "maxY": 0.009}]}, {"visualSprites": [{"prefab": "Block", "showName": true, "x": 200, "y": 84, "color": {"r": 0.86, "g": 0.86, "b": 0.86, "a": 1.0}, "width": 80, "height": 40, "name": "b", "minX": 0.629, "maxX": 0.857, "minY": 0.15, "maxY": 0.221}, {"prefab": "Block", "showName": true, "x": 200, "y": 0, "color": {"r": 0.8, "g": 0.52, "b": 0.25, "a": 1.0}, "width": 80, "height": 40, "name": "d", "minX": 0.629, "maxX": 0.857, "minY": 0.0, "maxY": 0.071}, {"prefab": "Block", "showName": true, "x": 200, "y": 42, "color": {"r": 0.0, "g": 0.77, "b": 0.8, "a": 1.0}, "width": 80, "height": 40, "name": "c", "minX": 0.629, "maxX": 0.857, "minY": 0.075, "maxY": 0.146}, {"prefab": "Block", "showName": true, "x": 200, "y": 126, "color": {"r": 0.8, "g": 0.4, "b": 0.11, "a": 1.0}, "width": 80, "height": 40, "name": "a", "minX": 0.629, "maxX": 0.857, "minY": 0.225, "maxY": 0.296}, {"prefab": "Claw", "color": {"r": 0, "g": 0, "b": 0, "a": 1}, "showName": false, "x": 230, "y": 500, "width": 80, "height": 40, "name": "Claw", "minX": 0.714, "maxX": 0.943, "minY": 0.893, "maxY": 0.964}, {"prefab": "Board", "color": {"r": 0, "g": 0, "b": 0, "a": 1}, "showName": false, "x": 0, "y": 0, "width": "panel_width", "height": 5, "name": "Board", "minX": 0.057, "maxX": 0.943, "minY": 0.0, "maxY": 0.009}]}]}