{"a": {"prefab": "Block", "showName": true, "x": 0, "y": 0, "color": {"r": 0.5, "g": 1.0, "b": 0.83, "a": 1.0}, "width": 80, "height": 40, "name": "a"}, "b": {"prefab": "Block", "showName": true, "x": 100, "y": 0, "color": {"r": 0.0, "g": 0.55, "b": 0.0, "a": 1.0}, "width": 80, "height": 40, "name": "b"}, "c": {"prefab": "Block", "showName": true, "x": 300, "y": 0, "color": {"r": 0.0, "g": 0.53, "b": 0.55, "a": 1.0}, "width": 80, "height": 40, "name": "c"}, "d": {"prefab": "Block", "showName": true, "x": 300, "y": 42, "color": {"r": 0.86, "g": 0.86, "b": 0.86, "a": 1.0}, "width": 80, "height": 40, "name": "d"}, "e": {"prefab": "Block", "showName": true, "x": 200, "y": 0, "color": {"r": 0.0, "g": 0.55, "b": 0.0, "a": 1.0}, "width": 80, "height": 40, "name": "e"}}
{"a": {"prefab": "Block", "showName": true, "x": 0, "y": 0, "color": {"r": 0.5, "g": 1.0, "b": 0.83, "a": 1.0}, "width": 80, "height": 40, "name": "a"}, "b": {"prefab": "Block", "showName": true, "x": 100, "y": 0, "color": {"r": 0.0, "g": 0.55, "b": 0.0, "a": 1.0}, "width": 80, "height": 40, "name": "b"}, "c": {"prefab": "Block", "showName": true, "x": 300, "y": 0, "color": {"r": 0.0, "g": 0.53, "b": 0.55, "a": 1.0}, "width": 80, "height": 40, "name": "c"}, "d": {"prefab": "Block", "showName": true, "x": 250, "y": 480, "color": {"r": 0.86, "g": 0.86, "b": 0.86, "a": 1.0}, "width": 80, "height": 40, "name": "d"}, "e": {"prefab": "Block", "showName": true, "x": 200, "y": 0, "color": {"r": 0.0, "g": 0.55, "b": 0.0, "a": 1.0}, "width": 80, "height": 40, "name": "e"}}